"","respondent","education","Select.your.age.range","Gender","NLRA_Member","NH_Resident_Yes2","createtime","id","buttonname","visibleLayers","zoomLevel","shape","longitude","latitude","recreation","ecosystem","economic","viewshed","historic","culture"
"1",98,"PhD or Higher","45 - 64  years","Male","No","Yes","2016-03-15T21:26:32.419Z",126,"Conservation Priorities","Google Hybrid, Newfound Lake Watershed, Conservation Lands",14,"POINT",-71.792508,43.688543,0,3,0,3,2,2
"2",105,NA,NA,NA,NA,NA,"2016-03-15T21:28:42.201Z",132,"Conservation Priorities","Google Hybrid, Newfound Lake Watershed, Conservation Lands",12,"POINT",-71.801147,43.663401,NA,NA,NA,NA,NA,NA
"3",114,"Masters","65 - 84 years","Male","No","Yes","2016-03-15T21:34:52.726Z",140,"Conservation Priorities","Google Hybrid, Newfound Lake Watershed, Conservation Lands",12,"POINT",-71.779175,43.659986,2,2,1,3,2,2
"4",120,"Masters","45 - 64  years","Female","Yes","Yes","2016-03-15T21:42:00.687Z",150,"Conservation Priorities","Google Hybrid, Conservation Lands, Newfound Lake Watershed",12,"POINT",-71.81179,43.716031,NA,NA,NA,NA,NA,NA
"5",120,"Masters","45 - 64  years","Female","Yes","Yes","2016-03-15T21:42:45.814Z",151,"Conservation Priorities","Google Hybrid, Conservation Lands, Newfound Lake Watershed",12,"POINT",-71.808701,43.699651,NA,NA,NA,NA,NA,NA
"6",120,"Masters","45 - 64  years","Female","Yes","Yes","2016-03-15T21:43:21.829Z",152,"Conservation Priorities","Google Hybrid, Conservation Lands, Newfound Lake Watershed",12,"POINT",-71.779175,43.659986,NA,NA,NA,NA,NA,NA
"7",122,"Masters","65 - 84 years","Male","Yes","Yes","2016-03-15T21:59:55.613Z",177,"Conservation Priorities","Roads and Terrain, Newfound Lake Watershed, Conservation Lands",12,"POINT",-71.783295,43.607245,NA,3,2,3,2,2
"8",122,"Masters","65 - 84 years","Male","Yes","Yes","2016-03-15T21:56:33.738Z",171,"Conservation Priorities","Roads and Terrain, Newfound Lake Watershed, Conservation Lands",12,"POINT",-71.804924,43.666382,3,3,1,3,2,2
"9",122,"Masters","65 - 84 years","Male","Yes","Yes","2016-03-15T21:57:38.219Z",172,"Conservation Priorities","Roads and Terrain, Newfound Lake Watershed, Conservation Lands",12,"POINT",-71.777115,43.620171,3,3,1,3,2,2
"10",126,"Masters","45 - 64  years","Male","Yes","Yes","2016-03-15T21:50:42.363Z",165,"Conservation Priorities","Google Hybrid, Newfound Lake Watershed, Conservation Lands",12,"POINT",-71.801971,43.722582,1,3,0,3,3,3
"11",126,"Masters","45 - 64  years","Male","Yes","Yes","2016-03-15T21:50:01.681Z",163,"Conservation Priorities","Google Hybrid, Newfound Lake Watershed, Conservation Lands",12,"POINT",-71.906891,43.670554,3,3,NA,3,NA,3
"12",130,"PhD or Higher","65 - 84 years","Female","No","Yes","2016-03-15T22:02:26.224Z",182,"Conservation Priorities","Roads and Terrain, Newfound Lake Watershed, Conservation Lands",12,"POINT",-71.904831,43.732406,3,3,3,3,3,2
"13",130,"PhD or Higher","65 - 84 years","Female","No","Yes","2016-03-15T22:03:21.169Z",185,"Conservation Priorities","Roads and Terrain, Newfound Lake Watershed, Conservation Lands",12,"POINT",-71.890411,43.701389,3,3,3,3,2,2
"14",130,"PhD or Higher","65 - 84 years","Female","No","Yes","2016-03-15T22:04:39.718Z",191,"Conservation Priorities","Roads and Terrain, Newfound Lake Watershed, Conservation Lands",12,"POINT",-71.857109,43.695431,3,3,3,3,2,2
"15",130,"PhD or Higher","65 - 84 years","Female","No","Yes","2016-03-15T22:02:55.137Z",184,"Conservation Priorities","Roads and Terrain, Newfound Lake Watershed, Conservation Lands",12,"POINT",-71.899681,43.715535,3,3,3,3,2,2
"16",130,"PhD or Higher","65 - 84 years","Female","No","Yes","2016-03-15T22:03:53.714Z",188,"Conservation Priorities","Roads and Terrain, Newfound Lake Watershed, Conservation Lands",12,"POINT",-71.878052,43.693942,3,3,3,3,2,2
"17",130,"PhD or Higher","65 - 84 years","Female","No","Yes","2016-03-15T22:05:38.713Z",195,"Conservation Priorities","Roads and Terrain, Newfound Lake Watershed, Conservation Lands",12,"POINT",-71.864319,43.714046,3,3,3,3,2,2
"18",131,"Associates","45 - 64  years","Male","Yes","Yes","2016-03-15T22:07:43.383Z",201,"Conservation Priorities","Google Hybrid, Newfound Lake Watershed, Conservation Lands",12,"POINT",-71.753769,43.699651,3,3,3,3,3,3
"19",131,"Associates","45 - 64  years","Male","Yes","Yes","2016-03-15T22:07:18.304Z",200,"Conservation Priorities","Google Hybrid, Newfound Lake Watershed, Conservation Lands",12,"POINT",-71.782265,43.693694,3,3,3,3,3,3
"20",131,"Associates","45 - 64  years","Male","Yes","Yes","2016-03-15T23:02:00.774Z",226,"Conservation Priorities","Google Hybrid, Newfound Lake Watershed, Conservation Lands",12,"POINT",-71.808014,43.610228,3,3,3,3,NA,3
"21",131,"Associates","45 - 64  years","Male","Yes","Yes","2016-03-15T22:08:18.120Z",203,"Conservation Priorities","Google Hybrid, Newfound Lake Watershed, Conservation Lands",12,"POINT",-71.794624,43.653218,3,3,3,3,3,3
"22",131,"Associates","45 - 64  years","Male","Yes","Yes","2016-03-15T22:07:58.185Z",202,"Conservation Priorities","Google Hybrid, Newfound Lake Watershed, Conservation Lands",12,"POINT",-71.804237,43.680536,3,3,3,3,3,3
"23",148,"High School","45 - 64  years","Male","No","Yes","2016-03-15T22:35:39.313Z",214,"Conservation Priorities","Google Hybrid, Newfound Lake Watershed, Conservation Lands",12,"POINT",-71.882515,43.695431,1,3,1,3,3,3
"24",148,"High School","45 - 64  years","Male","No","Yes","2016-03-15T22:38:08.405Z",217,"Conservation Priorities","Google Hybrid, Newfound Lake Watershed, Conservation Lands",12,"POINT",-71.793938,43.651479,3,3,3,3,3,3
"25",148,"High School","45 - 64  years","Male","No","Yes","2016-03-15T22:37:08.980Z",216,"Conservation Priorities","Google Hybrid, Newfound Lake Watershed, Conservation Lands",12,"POINT",-71.783638,43.729926,3,3,3,3,3,3
"26",158,"Bachelors","25 - 44 years","Male","No","Yes","2016-03-15T22:57:42.889Z",221,"Conservation Priorities","Google Hybrid, Newfound Lake Watershed, Conservation Lands",12,"POINT",-71.765099,43.682522,2,2,1,2,1,1
"27",158,"Bachelors","25 - 44 years","Male","No","Yes","2016-03-15T22:58:37.901Z",222,"Conservation Priorities","Google Hybrid, Newfound Lake Watershed, Conservation Lands",12,"POINT",-71.750679,43.64974,2,1,2,2,2,2
"28",165,NA,NA,NA,NA,NA,"2016-03-15T23:13:21.824Z",230,"Conservation Priorities","Google Hybrid, Newfound Lake Watershed, Conservation Lands",12,"POINT",-71.779261,43.659924,2,2,2,2,2,2
"29",165,NA,NA,NA,NA,NA,"2016-03-15T23:14:26.815Z",232,"Conservation Priorities","Google Hybrid, Newfound Lake Watershed, Conservation Lands",12,"POINT",-71.779261,43.659924,NA,NA,NA,NA,NA,NA
"30",166,"Bachelors","45 - 64  years","Male","Yes","Yes","2016-03-15T23:22:49.905Z",242,"Conservation Priorities","Google Hybrid, Newfound Lake Watershed, Conservation Lands",12,"POINT",-71.791878,43.64179,NA,NA,NA,NA,NA,NA
"31",166,"Bachelors","45 - 64  years","Male","Yes","Yes","2016-03-15T23:22:13.915Z",241,"Conservation Priorities","Google Hybrid, Newfound Lake Watershed, Conservation Lands",12,"POINT",-71.757545,43.678301,2,3,1,3,3,3
"32",179,"PhD or Higher","45 - 64  years","Male","Yes","No","2016-03-15T23:41:47.268Z",255,"Conservation Priorities","Google Hybrid, Newfound Lake Watershed, Conservation Lands",12,"POINT",-71.801147,43.68277,1,2,1,2,2,1
"33",181,"Bachelors","45 - 64  years","Female","No","Yes","2016-03-15T23:41:06.102Z",253,"Conservation Priorities","Google Hybrid, Newfound Lake Watershed, Conservation Lands",12,"POINT",-71.779261,43.659986,3,3,3,3,3,3
"34",182,NA,NA,NA,NA,NA,"2016-03-15T23:41:24.422Z",254,"Conservation Priorities","Google Hybrid, Newfound Lake Watershed, Conservation Lands",12,"POINT",-71.779175,43.659986,NA,NA,NA,NA,NA,NA
"35",183,NA,NA,NA,NA,NA,"2016-03-15T23:39:43.559Z",248,"Conservation Priorities","Google Hybrid, Newfound Lake Watershed, Conservation Lands",12,"POINT",-71.865005,43.677556,NA,NA,NA,NA,NA,NA
"36",193,"High School","45 - 64  years","Female","No","Yes","2016-03-16T00:13:40.788Z",269,"Conservation Priorities","Google Hybrid, Newfound Lake Watershed, Conservation Lands",12,"POINT",-71.820757,43.66074,3,3,3,3,3,3
"37",193,"High School","45 - 64  years","Female","No","Yes","2016-03-16T00:11:54.318Z",267,"Conservation Priorities","Google Hybrid, Newfound Lake Watershed, Conservation Lands",12,"POINT",-71.889038,43.652769,3,3,NA,3,NA,3
"38",194,NA,NA,NA,NA,NA,"2016-03-16T00:06:05.181Z",265,"Conservation Priorities","Roads and Terrain, Newfound Lake Watershed, Conservation Lands",12,"POINT",-71.826553,43.671348,2,3,1,3,1,1
"39",203,"PhD or Higher","65 - 84 years","Female","Yes","No","2016-03-16T00:18:19.700Z",273,"Conservation Priorities","Google Hybrid, Conservation Lands, Newfound Lake Watershed",12,"POINT",-71.760979,43.668368,NA,NA,NA,NA,NA,NA
"40",203,"PhD or Higher","65 - 84 years","Female","Yes","No","2016-03-16T00:18:43.814Z",274,"Conservation Priorities","Google Hybrid, Conservation Lands, Newfound Lake Watershed",12,"POINT",-71.759605,43.673583,3,3,3,3,3,3
"41",203,"PhD or Higher","65 - 84 years","Female","Yes","No","2016-03-16T00:16:00.821Z",271,"Conservation Priorities","Google Hybrid, Conservation Lands, Newfound Lake Watershed",12,"POINT",-71.736603,43.625887,NA,3,NA,3,3,3
"42",220,"Bachelors","45 - 64  years","Male","No","No","2016-03-16T00:54:50.786Z",284,"Conservation Priorities","Google Hybrid, Newfound Lake Watershed, Conservation Lands",14,"POINT",-71.772909,43.63856,2,3,1,3,1,1
"43",227,"Masters","65 - 84 years","Female","Yes","Yes","2016-03-16T01:43:54.364Z",291,"Conservation Priorities","Google Hybrid, Newfound Lake Watershed, Conservation Lands",12,"POINT",-71.746559,43.623402,3,3,NA,3,3,3
"44",227,"Masters","65 - 84 years","Female","Yes","Yes","2016-03-16T01:43:19.557Z",290,"Conservation Priorities","Google Hybrid, Newfound Lake Watershed, Conservation Lands",12,"POINT",-71.759949,43.67557,3,3,3,3,3,3
"45",247,NA,NA,NA,NA,NA,"2016-03-16T10:22:00.594Z",315,"Conservation Priorities","Google Hybrid, Newfound Lake Watershed, Conservation Lands",12,"POINT",-71.825867,43.699651,3,3,3,3,3,3
"46",247,NA,NA,NA,NA,NA,"2016-03-16T10:22:23.758Z",316,"Conservation Priorities","Google Hybrid, Newfound Lake Watershed, Conservation Lands",12,"POINT",-71.903801,43.674328,3,3,3,3,3,3
"47",247,NA,NA,NA,NA,NA,"2016-03-16T10:22:40.025Z",317,"Conservation Priorities","Google Hybrid, Newfound Lake Watershed, Conservation Lands",12,"POINT",-71.798744,43.696673,3,3,3,3,3,3
"48",247,NA,NA,NA,NA,NA,"2016-03-16T10:22:54.976Z",318,"Conservation Priorities","Google Hybrid, Newfound Lake Watershed, Conservation Lands",12,"POINT",-71.844063,43.711068,3,3,3,3,3,3
"49",247,NA,NA,NA,NA,NA,"2016-03-16T10:23:07.239Z",319,"Conservation Priorities","Google Hybrid, Newfound Lake Watershed, Conservation Lands",12,"POINT",-71.790504,43.612962,3,3,3,3,3,3
"50",247,NA,NA,NA,NA,NA,"2016-03-16T10:23:19.512Z",320,"Conservation Priorities","Google Hybrid, Newfound Lake Watershed, Conservation Lands",12,"POINT",-71.837196,43.624893,3,3,3,3,3,3
"51",247,NA,NA,NA,NA,NA,"2016-03-16T10:23:36.174Z",321,"Conservation Priorities","Google Hybrid, Newfound Lake Watershed, Conservation Lands",12,"POINT",-71.810074,43.718016,3,3,3,3,3,3
"52",247,NA,NA,NA,NA,NA,"2016-03-16T10:23:48.785Z",322,"Conservation Priorities","Google Hybrid, Newfound Lake Watershed, Conservation Lands",12,"POINT",-71.810417,43.683019,3,3,3,NA,3,3
"53",247,NA,NA,NA,NA,NA,"2016-03-16T10:24:10.182Z",323,"Conservation Priorities","Google Hybrid, Newfound Lake Watershed, Conservation Lands",12,"POINT",-71.891098,43.695928,3,3,3,3,3,3
"54",247,NA,NA,NA,NA,NA,"2016-03-16T10:24:23.434Z",324,"Conservation Priorities","Google Hybrid, Newfound Lake Watershed, Conservation Lands",12,"POINT",-71.828613,43.600284,3,3,NA,3,3,3
"55",247,NA,NA,NA,NA,NA,"2016-03-16T10:24:38.678Z",325,"Conservation Priorities","Google Hybrid, Newfound Lake Watershed, Conservation Lands",12,"POINT",-71.768532,43.610228,3,3,3,3,3,3
"56",264,"PhD or Higher","65 - 84 years","Female","Yes","Yes","2016-03-16T13:03:19.620Z",334,"Conservation Priorities","Google Hybrid, Newfound Lake Watershed, Conservation Lands",12,"POINT",-71.772652,43.609358,3,3,3,3,3,3
"57",264,"PhD or Higher","65 - 84 years","Female","Yes","Yes","2016-03-16T13:04:03.901Z",335,"Conservation Priorities","Google Hybrid, Newfound Lake Watershed, Conservation Lands",12,"POINT",-71.771965,43.591706,NA,NA,NA,NA,NA,NA
"58",277,NA,NA,NA,NA,NA,"2016-03-16T13:28:58.497Z",343,"Conservation Priorities","Google Hybrid, Newfound Lake Watershed, Conservation Lands",12,"POINT",-71.779261,43.659986,NA,NA,NA,NA,NA,NA
"59",281,"Bachelors","45 - 64  years","Male","No","Yes","2016-03-16T13:50:59.592Z",346,"Conservation Priorities","Google Hybrid, Newfound Lake Watershed, Conservation Lands",12,"POINT",-71.72184,43.656447,3,2,0,2,0,0
"60",293,"Bachelors","45 - 64  years","Male","Yes","No","2016-03-16T14:39:03.283Z",359,"Conservation Priorities","Google Hybrid, Newfound Lake Watershed, Conservation Lands",11,"POINT",-71.748276,43.631602,NA,NA,NA,NA,2,2
"61",295,"Bachelors","25 - 44 years","Male","Yes","No","2016-03-16T14:42:17.475Z",362,"Conservation Priorities","Google Hybrid, Newfound Lake Watershed, Conservation Lands",12,"POINT",-71.791534,43.619176,1,2,1,3,1,1
"62",296,"Bachelors","65 - 84 years","Male","Yes","No","2016-03-16T14:47:45.019Z",367,"Conservation Priorities","Google Hybrid, Conservation Lands, Newfound Lake Watershed",12,"POINT",-71.891098,43.617685,NA,NA,NA,3,NA,NA
"63",296,"Bachelors","65 - 84 years","Male","Yes","No","2016-03-16T14:46:15.372Z",366,"Conservation Priorities","Google Hybrid, Conservation Lands, Newfound Lake Watershed",12,"POINT",-71.798744,43.683764,NA,NA,NA,3,NA,NA
"64",301,"Masters","25 - 44 years","Male","Yes","Yes","2016-03-16T15:07:07.484Z",380,"Conservation Priorities","Google Hybrid, Newfound Lake Watershed, Conservation Lands",14,"POINT",-71.803207,43.661476,1,2,3,3,1,0
"65",301,"Masters","25 - 44 years","Male","Yes","Yes","2016-03-16T15:08:21.106Z",381,"Conservation Priorities","Google Hybrid, Newfound Lake Watershed, Conservation Lands",14,"POINT",-71.863804,43.675011,3,3,1,3,3,3
"66",301,"Masters","25 - 44 years","Male","Yes","Yes","2016-03-16T15:11:32.105Z",384,"Conservation Priorities","Google Hybrid, Newfound Lake Watershed, Conservation Lands",14,"POINT",-71.78544,43.73805,3,2,3,3,3,3
"67",301,"Masters","25 - 44 years","Male","Yes","Yes","2016-03-16T15:05:50.826Z",379,"Conservation Priorities","Google Hybrid, Newfound Lake Watershed, Conservation Lands",14,"POINT",-71.775913,43.63533,3,3,3,0,0,0
"68",301,"Masters","25 - 44 years","Male","Yes","Yes","2016-03-16T15:10:07.191Z",383,"Conservation Priorities","Google Hybrid, Newfound Lake Watershed, Conservation Lands",14,"POINT",-71.752481,43.684695,2,2,2,3,1,1
"69",301,"Masters","25 - 44 years","Male","Yes","Yes","2016-03-16T15:09:16.272Z",382,"Conservation Priorities","Google Hybrid, Newfound Lake Watershed, Conservation Lands",14,"POINT",-71.835737,43.672652,3,3,3,3,3,3
"70",306,"Bachelors","65 - 84 years","Female","Yes","Yes","2016-03-16T16:03:37.597Z",394,"Conservation Priorities","Google Hybrid, Newfound Lake Watershed, Conservation Lands",12,"POINT",-71.785217,43.642038,3,1,1,1,1,1
"71",306,"Bachelors","65 - 84 years","Female","Yes","Yes","2016-03-16T15:51:26.930Z",392,"Conservation Priorities","Google Hybrid, Newfound Lake Watershed, Conservation Lands",12,"POINT",-71.745667,43.67264,1,1,NA,1,1,1
"72",306,"Bachelors","65 - 84 years","Female","Yes","Yes","2016-03-16T15:49:03.543Z",391,"Conservation Priorities","Google Hybrid, Newfound Lake Watershed, Conservation Lands",12,"POINT",-71.733856,43.659527,1,2,0,2,0,1
"73",306,"Bachelors","65 - 84 years","Female","Yes","Yes","2016-03-16T15:52:44.412Z",393,"Conservation Priorities","Google Hybrid, Newfound Lake Watershed, Conservation Lands",12,"POINT",-71.793457,43.673434,1,1,1,1,1,1
"74",316,NA,NA,NA,NA,NA,"2016-03-16T17:54:52.731Z",395,"Conservation Priorities","Google Hybrid, Newfound Lake Watershed, Conservation Lands",12,"POINT",-71.779175,43.660048,NA,NA,NA,NA,NA,NA
"75",318,"Bachelors","45 - 64  years","Female","Yes","No","2016-03-16T19:46:50.622Z",401,"Conservation Priorities","Google Hybrid, Newfound Lake Watershed, Conservation Lands",12,"POINT",-71.779261,43.659924,NA,NA,NA,NA,NA,NA
"76",318,"Bachelors","45 - 64  years","Female","Yes","No","2016-03-16T19:48:12.385Z",403,"Conservation Priorities","Google Hybrid, Newfound Lake Watershed, Conservation Lands",11,"POINT",-71.747589,43.631602,NA,NA,NA,3,NA,3
"77",319,"Associates","45 - 64  years","Male","Yes","No","2016-03-16T19:47:16.471Z",402,"Conservation Priorities","Google Hybrid, Newfound Lake Watershed, Conservation Lands",12,"POINT",-71.799088,43.644523,2,3,2,3,1,1
"78",319,"Associates","45 - 64  years","Male","Yes","No","2016-03-16T19:53:37.407Z",419,"Conservation Priorities","Google Hybrid, Newfound Lake Watershed, Conservation Lands",12,"POINT",-71.799431,43.544567,3,3,3,3,2,2
"79",319,"Associates","45 - 64  years","Male","Yes","No","2016-03-16T19:49:40.823Z",407,"Conservation Priorities","Google Hybrid, Newfound Lake Watershed, Conservation Lands",12,"POINT",-71.811104,43.606251,2,3,2,3,2,2
"80",319,"Associates","45 - 64  years","Male","Yes","No","2016-03-16T19:48:41.319Z",405,"Conservation Priorities","Google Hybrid, Newfound Lake Watershed, Conservation Lands",12,"POINT",-71.898308,43.643032,3,3,2,3,1,1
"81",319,"Associates","45 - 64  years","Male","Yes","No","2016-03-16T19:49:11.159Z",406,"Conservation Priorities","Google Hybrid, Newfound Lake Watershed, Conservation Lands",12,"POINT",-71.797714,43.699899,1,3,1,3,1,1
"82",319,"Associates","45 - 64  years","Male","Yes","No","2016-03-16T19:55:02.176Z",422,"Conservation Priorities","Google Hybrid, Newfound Lake Watershed, Conservation Lands",12,"POINT",-71.94706,43.627378,3,3,3,3,3,2
"83",319,"Associates","45 - 64  years","Male","Yes","No","2016-03-16T19:54:03.471Z",420,"Conservation Priorities","Google Hybrid, Newfound Lake Watershed, Conservation Lands",12,"POINT",-71.822777,43.545811,2,3,3,3,2,2
"84",319,"Associates","45 - 64  years","Male","Yes","No","2016-03-16T20:00:39.063Z",434,"Conservation Priorities","Google Hybrid, Newfound Lake Watershed, Conservation Lands",12,"POINT",-71.764755,43.562233,2,3,3,3,2,2
"85",319,"Associates","45 - 64  years","Male","Yes","No","2016-03-16T19:54:32.767Z",421,"Conservation Priorities","Google Hybrid, Newfound Lake Watershed, Conservation Lands",12,"POINT",-71.723557,43.71082,2,3,3,3,2,2
"86",319,"Associates","45 - 64  years","Male","Yes","No","2016-03-16T19:56:13.775Z",425,"Conservation Priorities","Google Hybrid, Newfound Lake Watershed, Conservation Lands",12,"POINT",-71.720467,43.575168,3,3,3,3,2,3
"87",319,"Associates","45 - 64  years","Male","Yes","No","2016-03-16T20:00:02.647Z",432,"Conservation Priorities","Google Hybrid, Newfound Lake Watershed, Conservation Lands",12,"POINT",-71.740036,43.564223,2,3,3,3,2,2
"88",319,"Associates","45 - 64  years","Male","Yes","No","2016-03-16T19:55:49.847Z",424,"Conservation Priorities","Google Hybrid, Newfound Lake Watershed, Conservation Lands",12,"POINT",-71.689224,43.617188,2,3,3,3,2,2
"89",319,"Associates","45 - 64  years","Male","Yes","No","2016-03-16T20:01:57.103Z",437,"Conservation Priorities","Google Hybrid, Newfound Lake Watershed, Conservation Lands",12,"POINT",-71.767159,43.613211,2,3,3,3,2,2
"90",319,"Associates","45 - 64  years","Male","Yes","No","2016-03-16T19:58:03.271Z",429,"Conservation Priorities","Google Hybrid, Newfound Lake Watershed, Conservation Lands",12,"POINT",-71.680984,43.5881,2,3,3,3,2,2
"91",319,"Associates","45 - 64  years","Male","Yes","No","2016-03-16T19:55:31.335Z",423,"Conservation Priorities","Google Hybrid, Newfound Lake Watershed, Conservation Lands",12,"POINT",-71.809044,43.730422,3,3,3,3,2,2
"92",319,"Associates","45 - 64  years","Male","Yes","No","2016-03-16T19:53:18.991Z",418,"Conservation Priorities","Google Hybrid, Newfound Lake Watershed, Conservation Lands",12,"POINT",-71.757202,43.540834,3,3,3,3,2,2
"93",319,"Associates","45 - 64  years","Male","Yes","No","2016-03-16T19:59:06.247Z",431,"Conservation Priorities","Google Hybrid, Newfound Lake Watershed, Conservation Lands",12,"POINT",-71.919594,43.734391,3,3,3,3,2,2
"94",319,"Associates","45 - 64  years","Male","Yes","No","2016-03-16T19:57:39.279Z",428,"Conservation Priorities","Google Hybrid, Newfound Lake Watershed, Conservation Lands",12,"POINT",-71.726646,43.612465,2,3,3,3,3,2
"95",319,"Associates","45 - 64  years","Male","Yes","No","2016-03-16T20:01:06.511Z",435,"Conservation Priorities","Google Hybrid, Newfound Lake Watershed, Conservation Lands",12,"POINT",-71.776772,43.645268,3,3,3,3,2,2
"96",319,"Associates","45 - 64  years","Male","Yes","No","2016-03-16T20:01:26.927Z",436,"Conservation Priorities","Google Hybrid, Newfound Lake Watershed, Conservation Lands",12,"POINT",-71.774025,43.632596,2,3,3,3,2,2
"97",319,"Associates","45 - 64  years","Male","Yes","No","2016-03-16T19:50:58.647Z",410,"Conservation Priorities","Google Hybrid, Newfound Lake Watershed, Conservation Lands",12,"POINT",-71.755829,43.606251,3,3,3,3,2,2
"98",319,"Associates","45 - 64  years","Male","Yes","No","2016-03-16T19:56:35.039Z",426,"Conservation Priorities","Google Hybrid, Newfound Lake Watershed, Conservation Lands",12,"POINT",-71.660385,43.55029,2,3,3,3,2,2
"99",319,"Associates","45 - 64  years","Male","Yes","No","2016-03-16T20:02:27.359Z",438,"Conservation Priorities","Google Hybrid, Newfound Lake Watershed, Conservation Lands",12,"POINT",-71.765785,43.605505,2,3,3,3,2,2
"100",319,"Associates","45 - 64  years","Male","Yes","No","2016-03-16T19:57:15.591Z",427,"Conservation Priorities","Google Hybrid, Newfound Lake Watershed, Conservation Lands",12,"POINT",-71.741409,43.606002,2,3,3,3,2,2
"101",319,"Associates","45 - 64  years","Male","Yes","No","2016-03-16T19:53:00.303Z",417,"Conservation Priorities","Google Hybrid, Newfound Lake Watershed, Conservation Lands",12,"POINT",-71.720467,43.551534,3,3,3,3,2,2
"102",319,"Associates","45 - 64  years","Male","Yes","No","2016-03-16T19:58:28.503Z",430,"Conservation Priorities","Google Hybrid, Newfound Lake Watershed, Conservation Lands",12,"POINT",-71.650429,43.598544,3,3,3,3,2,2
"103",319,"Associates","45 - 64  years","Male","Yes","No","2016-03-16T19:51:51.423Z",414,"Conservation Priorities","Google Hybrid, Newfound Lake Watershed, Conservation Lands",12,"POINT",-71.898308,43.605505,2,3,3,3,2,2
"104",319,"Associates","45 - 64  years","Male","Yes","No","2016-03-16T19:52:34.701Z",416,"Conservation Priorities","Google Hybrid, Newfound Lake Watershed, Conservation Lands",12,"POINT",-71.692314,43.565218,3,3,3,3,1,2
"105",319,"Associates","45 - 64  years","Male","Yes","No","2016-03-16T19:50:06.103Z",408,"Conservation Priorities","Google Hybrid, Newfound Lake Watershed, Conservation Lands",12,"POINT",-71.847496,43.617934,2,3,2,3,2,2
"106",319,"Associates","45 - 64  years","Male","Yes","No","2016-03-16T19:51:25.847Z",413,"Conservation Priorities","Google Hybrid, Newfound Lake Watershed, Conservation Lands",12,"POINT",-71.800804,43.677308,2,3,3,NA,2,2
"107",319,"Associates","45 - 64  years","Male","Yes","No","2016-03-16T20:03:52.839Z",441,"Conservation Priorities","Google Hybrid, Newfound Lake Watershed, Conservation Lands",12,"POINT",-71.804237,43.612465,2,3,3,3,2,2
"108",319,"Associates","45 - 64  years","Male","Yes","No","2016-03-16T20:03:33.071Z",440,"Conservation Priorities","Google Hybrid, Newfound Lake Watershed, Conservation Lands",12,"POINT",-71.861229,43.623153,2,3,3,3,3,2
"109",319,"Associates","45 - 64  years","Male","Yes","No","2016-03-16T19:50:28.079Z",409,"Conservation Priorities","Google Hybrid, Newfound Lake Watershed, Conservation Lands",12,"POINT",-71.749649,43.694935,2,3,2,2,2,2
"110",319,"Associates","45 - 64  years","Male","Yes","No","2016-03-16T20:03:04.151Z",439,"Conservation Priorities","Google Hybrid, Newfound Lake Watershed, Conservation Lands",12,"POINT",-71.658325,43.572929,2,3,3,3,2,2
"111",321,"Bachelors","65 - 84 years","Male","Yes","No","2016-03-16T19:51:15.777Z",411,"Conservation Priorities","Google Hybrid, Newfound Lake Watershed, Conservation Lands",12,"POINT",-71.781921,43.703126,2,2,1,2,1,1
"112",327,NA,NA,NA,NA,NA,"2016-03-16T20:19:46.422Z",448,"Conservation Priorities","Google Hybrid, Newfound Lake Watershed, Conservation Lands",11,"POINT",-71.778213,43.62196,NA,3,1,3,0,1
"113",327,NA,NA,NA,NA,NA,"2016-03-16T20:21:39.959Z",449,"Conservation Priorities","Google Hybrid, Newfound Lake Watershed, Conservation Lands",11,"POINT",-71.880386,43.631503,3,3,1,2,1,1
"114",343,"Masters","45 - 64  years","Male","Yes","No","2016-03-16T21:56:28.955Z",463,"Conservation Priorities","Google Hybrid, Newfound Lake Watershed, Conservation Lands",12,"POINT",-71.918564,43.657192,0,3,0,3,0,0
"115",343,"Masters","45 - 64  years","Male","Yes","No","2016-03-16T21:55:13.040Z",461,"Conservation Priorities","Google Hybrid, Newfound Lake Watershed, Conservation Lands",12,"POINT",-71.82003,43.604013,0,3,0,3,2,2
"116",343,"Masters","45 - 64  years","Male","Yes","No","2016-03-16T21:54:24.319Z",460,"Conservation Priorities","Google Hybrid, Newfound Lake Watershed, Conservation Lands",12,"POINT",-71.728706,43.67706,0,3,0,3,2,2
"117",343,"Masters","45 - 64  years","Male","Yes","No","2016-03-16T21:55:53.290Z",462,"Conservation Priorities","Google Hybrid, Newfound Lake Watershed, Conservation Lands",12,"POINT",-71.83445,43.700892,0,3,2,3,2,2
"118",349,"Masters","65 - 84 years","Male","Yes","No","2016-03-16T23:02:21.758Z",473,"Conservation Priorities","Google Hybrid, Newfound Lake Watershed, Conservation Lands",15,"POINT",-71.772909,43.68665,3,2,3,3,3,3
"119",349,"Masters","65 - 84 years","Male","Yes","No","2016-03-16T22:58:44.507Z",471,"Conservation Priorities","Google Hybrid, Newfound Lake Watershed, Conservation Lands",13,"POINT",-71.81179,43.655329,3,3,1,3,2,2
"120",349,"Masters","65 - 84 years","Male","Yes","No","2016-03-16T23:00:24.920Z",472,"Conservation Priorities","Google Hybrid, Newfound Lake Watershed, Conservation Lands",13,"POINT",-71.825523,43.685626,3,3,1,3,2,2
"121",361,NA,NA,NA,NA,NA,"2016-03-17T14:01:37.310Z",478,"Conservation Priorities","Google Hybrid, Newfound Lake Watershed, Conservation Lands",12,"POINT",-71.898308,43.657937,NA,NA,NA,NA,NA,NA
"122",361,NA,NA,NA,NA,NA,"2016-03-17T14:02:35.422Z",480,"Conservation Priorities","Google Hybrid, Newfound Lake Watershed, Conservation Lands",12,"POINT",-71.782265,43.691708,NA,NA,NA,NA,NA,NA
"123",361,NA,NA,NA,NA,NA,"2016-03-17T14:02:56.317Z",481,"Conservation Priorities","Google Hybrid, Newfound Lake Watershed, Conservation Lands",12,"POINT",-71.802521,43.702878,NA,NA,NA,NA,NA,NA
"124",361,NA,NA,NA,NA,NA,"2016-03-17T22:48:56.753Z",498,"Conservation Priorities","Google Hybrid, Newfound Lake Watershed, Conservation Lands",12,"POINT",-71.849899,43.617188,NA,NA,NA,NA,NA,NA
"125",361,NA,NA,NA,NA,NA,"2016-03-17T14:03:18.008Z",482,"Conservation Priorities","Google Hybrid, Newfound Lake Watershed, Conservation Lands",12,"POINT",-71.794624,43.64651,NA,NA,NA,NA,NA,NA
"126",361,NA,NA,NA,NA,NA,"2016-03-17T22:48:15.259Z",497,"Conservation Priorities","Google Hybrid, Newfound Lake Watershed, Conservation Lands",12,"POINT",-71.774368,43.663898,NA,NA,NA,NA,NA,NA
"127",361,NA,NA,NA,NA,NA,"2016-03-17T14:02:11.371Z",479,"Conservation Priorities","Google Hybrid, Newfound Lake Watershed, Conservation Lands",12,"POINT",-71.808014,43.718761,NA,NA,NA,NA,NA,NA
"128",361,NA,NA,NA,NA,NA,"2016-03-17T14:03:39.695Z",483,"Conservation Priorities","Google Hybrid, Newfound Lake Watershed, Conservation Lands",12,"POINT",-71.754799,43.69419,NA,NA,NA,NA,NA,NA
"129",367,"Bachelors","65 - 84 years","Male","No","Yes","2016-03-17T16:09:51.120Z",485,"Conservation Priorities","Google Hybrid, Newfound Lake Watershed, Conservation Lands",12,"POINT",-71.73008,43.615697,NA,2,NA,NA,NA,NA
"130",368,"Masters","65 - 84 years","Male","No","Yes","2016-03-17T16:13:11.110Z",489,"Conservation Priorities","Google Hybrid, Newfound Lake Watershed, Conservation Lands",12,"POINT",-71.82518,43.66812,2,2,NA,3,NA,NA
"131",368,"Masters","65 - 84 years","Male","No","Yes","2016-03-17T16:14:00.879Z",491,"Conservation Priorities","Google Hybrid, Newfound Lake Watershed, Conservation Lands",12,"POINT",-71.875992,43.724467,1,NA,2,1,NA,NA
"132",368,"Masters","65 - 84 years","Male","No","Yes","2016-03-17T16:13:41.719Z",490,"Conservation Priorities","Google Hybrid, Newfound Lake Watershed, Conservation Lands",12,"POINT",-71.838226,43.708338,1,NA,2,NA,NA,1
"133",388,"Bachelors","65 - 84 years","Male","Yes","No","2016-03-18T14:30:50.671Z",508,"Conservation Priorities","Google Hybrid, Newfound Lake Watershed, Conservation Lands",12,"POINT",-71.871185,43.688977,3,3,NA,3,NA,3
"134",393,"Masters","65 - 84 years","Female","Yes","No","2016-03-18T16:00:17.162Z",513,"Conservation Priorities","Google Hybrid, Newfound Lake Watershed, Conservation Lands",12,"POINT",-71.780891,43.704615,2,2,1,2,1,1
"135",393,"Masters","65 - 84 years","Female","Yes","No","2016-03-18T16:03:08.601Z",515,"Conservation Priorities","Google Hybrid, Newfound Lake Watershed, Conservation Lands",12,"POINT",-71.790848,43.628123,3,2,0,3,2,0
"136",393,"Masters","65 - 84 years","Female","Yes","No","2016-03-18T16:01:25.962Z",514,"Conservation Priorities","Google Hybrid, Newfound Lake Watershed, Conservation Lands",12,"POINT",-71.83445,43.711316,2,2,1,2,2,2
"137",395,"Bachelors","45 - 64  years","Male","Yes","Yes","2016-03-18T17:30:14.070Z",522,"Conservation Priorities","Google Hybrid, Newfound Lake Watershed, Conservation Lands",12,"POINT",-71.837196,43.67706,3,3,1,3,2,0
"138",395,"Bachelors","45 - 64  years","Male","Yes","Yes","2016-03-18T17:32:12.262Z",523,"Conservation Priorities","Google Hybrid, Newfound Lake Watershed, Conservation Lands",12,"POINT",-71.7342,43.671597,1,2,1,3,1,1
"139",405,"Bachelors","65 - 84 years","Male","Yes","Yes","2016-03-18T19:40:45.430Z",532,"Conservation Priorities","Google Hybrid, Newfound Lake Watershed, Conservation Lands",12,"POINT",-71.795654,43.646262,NA,3,NA,NA,NA,NA
"140",425,NA,NA,NA,NA,NA,"2016-03-20T11:47:47.152Z",541,"Conservation Priorities","Google Hybrid, Newfound Lake Watershed, Conservation Lands",12,"POINT",-71.779261,43.659924,NA,NA,NA,NA,NA,NA
"141",426,NA,NA,NA,NA,NA,"2016-03-20T11:54:54.755Z",543,"Conservation Priorities","Google Hybrid, Newfound Lake Watershed, Conservation Lands",19,"POINT",-71.745421,43.657914,NA,NA,NA,NA,NA,NA
"142",428,"Masters","45 - 64  years","Male","Yes","Yes","2016-03-20T12:41:32.423Z",560,"Conservation Priorities","Google Hybrid, Newfound Lake Watershed, Conservation Lands",12,"POINT",-71.872215,43.674825,NA,NA,NA,3,NA,NA
"143",428,"Masters","45 - 64  years","Male","Yes","Yes","2016-03-20T12:42:56.328Z",561,"Conservation Priorities","Google Hybrid, Newfound Lake Watershed, Conservation Lands",12,"POINT",-71.70536,43.656695,NA,NA,NA,3,NA,NA
"144",428,"Masters","45 - 64  years","Male","Yes","Yes","2016-03-20T12:43:22.590Z",562,"Conservation Priorities","Google Hybrid, Newfound Lake Watershed, Conservation Lands",12,"POINT",-71.812477,43.636572,NA,NA,NA,3,NA,NA
"145",428,"Masters","45 - 64  years","Male","Yes","Yes","2016-03-20T12:43:43.262Z",563,"Conservation Priorities","Google Hybrid, Newfound Lake Watershed, Conservation Lands",12,"POINT",-71.883545,43.70263,NA,NA,NA,3,NA,NA
"146",428,"Masters","45 - 64  years","Male","Yes","Yes","2016-03-20T12:44:13.020Z",564,"Conservation Priorities","Google Hybrid, Newfound Lake Watershed, Conservation Lands",12,"POINT",-71.777115,43.618431,NA,NA,NA,3,NA,NA
"147",428,"Masters","45 - 64  years","Male","Yes","Yes","2016-03-20T12:45:09.786Z",565,"Conservation Priorities","Google Hybrid, Newfound Lake Watershed, Conservation Lands",12,"POINT",-71.812477,43.689225,NA,NA,NA,3,NA,NA
"148",428,"Masters","45 - 64  years","Male","Yes","Yes","2016-03-20T12:46:48.116Z",569,"Conservation Priorities","Google Hybrid, Newfound Lake Watershed, Conservation Lands",12,"POINT",-71.837883,43.587354,NA,NA,NA,3,NA,NA
"149",428,"Masters","45 - 64  years","Male","Yes","Yes","2016-03-20T12:45:31.026Z",566,"Conservation Priorities","Google Hybrid, Newfound Lake Watershed, Conservation Lands",12,"POINT",-71.777458,43.704615,NA,NA,NA,3,NA,NA
"150",428,"Masters","45 - 64  years","Male","Yes","Yes","2016-03-20T12:46:00.647Z",568,"Conservation Priorities","Google Hybrid, Newfound Lake Watershed, Conservation Lands",12,"POINT",-71.889725,43.725212,NA,NA,NA,3,NA,NA
"151",428,"Masters","45 - 64  years","Male","Yes","Yes","2016-03-20T12:45:49.660Z",567,"Conservation Priorities","Google Hybrid, Newfound Lake Watershed, Conservation Lands",12,"POINT",-71.784668,43.683143,NA,NA,NA,NA,NA,NA
"152",430,"Bachelors","45 - 64  years","Female","Yes","No","2016-03-20T16:00:33.180Z",576,"Conservation Priorities","Google Hybrid, Newfound Lake Watershed, Conservation Lands",12,"POINT",-71.779175,43.659924,1,3,1,3,3,3
"153",438,NA,NA,NA,NA,NA,"2016-03-21T14:41:13.989Z",580,"Conservation Priorities","Google Hybrid, Newfound Lake Watershed, Conservation Lands",12,"POINT",-71.815224,43.673087,2,NA,2,3,NA,NA
"154",441,"PhD or Higher","45 - 64  years","Female","Yes","Yes","2016-03-22T01:45:21.203Z",587,"Conservation Priorities","Google Hybrid, Newfound Lake Watershed, Conservation Lands",15,"POINT",-71.778419,43.696983,0,3,0,3,3,3
"155",441,"PhD or Higher","45 - 64  years","Female","Yes","Yes","2016-03-22T01:47:09.405Z",590,"Conservation Priorities","Google Hybrid, Newfound Lake Watershed, Conservation Lands",16,"POINT",-71.794946,43.688484,0,3,0,3,3,3
"156",441,"PhD or Higher","45 - 64  years","Female","Yes","Yes","2016-03-22T01:46:26.835Z",588,"Conservation Priorities","Google Hybrid, Newfound Lake Watershed, Conservation Lands",16,"POINT",-71.792927,43.690648,0,3,0,3,3,3
"157",441,"PhD or Higher","45 - 64  years","Female","Yes","Yes","2016-03-22T01:44:30.980Z",586,"Conservation Priorities","Google Hybrid, Newfound Lake Watershed, Conservation Lands",14,"POINT",-71.780273,43.697206,0,3,0,3,3,3
"158",441,"PhD or Higher","45 - 64  years","Female","Yes","Yes","2016-03-22T01:48:10.684Z",592,"Conservation Priorities","Google Hybrid, Newfound Lake Watershed, Conservation Lands",16,"POINT",-71.79774,43.688353,0,3,0,3,3,3
"159",441,"PhD or Higher","45 - 64  years","Female","Yes","Yes","2016-03-22T01:47:42.140Z",591,"Conservation Priorities","Google Hybrid, Newfound Lake Watershed, Conservation Lands",16,"POINT",-71.795577,43.689408,0,3,0,3,3,3
"160",441,"PhD or Higher","45 - 64  years","Female","Yes","Yes","2016-03-22T01:48:45.871Z",593,"Conservation Priorities","Google Hybrid, Newfound Lake Watershed, Conservation Lands",16,"POINT",-71.794008,43.68644,0,3,0,3,3,3
"161",441,"PhD or Higher","45 - 64  years","Female","Yes","Yes","2016-03-22T01:43:44.758Z",585,"Conservation Priorities","Google Hybrid, Newfound Lake Watershed, Conservation Lands",14,"POINT",-71.790092,43.687525,0,3,0,3,3,3
"162",441,"PhD or Higher","45 - 64  years","Female","Yes","Yes","2016-03-22T01:46:57.964Z",589,"Conservation Priorities","Google Hybrid, Newfound Lake Watershed, Conservation Lands",16,"POINT",-71.792704,43.688141,NA,NA,NA,NA,NA,NA
"163",443,"Bachelors","45 - 64  years","Female","Yes","Yes","2016-03-22T17:04:03.215Z",602,"Conservation Priorities","Google Hybrid, Newfound Lake Watershed, Conservation Lands",12,"POINT",-71.781715,43.616741,3,3,3,3,3,3
"164",443,"Bachelors","45 - 64  years","Female","Yes","Yes","2016-03-22T17:02:43.403Z",599,"Conservation Priorities","Google Hybrid, Newfound Lake Watershed, Conservation Lands",12,"POINT",-71.778557,43.708288,3,3,3,3,2,3
"165",443,"Bachelors","45 - 64  years","Female","Yes","Yes","2016-03-22T17:03:44.155Z",601,"Conservation Priorities","Google Hybrid, Newfound Lake Watershed, Conservation Lands",12,"POINT",-71.814949,43.66365,3,NA,NA,3,2,3
"166",443,"Bachelors","45 - 64  years","Female","Yes","Yes","2016-03-22T17:02:00.382Z",598,"Conservation Priorities","Google Hybrid, Newfound Lake Watershed, Conservation Lands",12,"POINT",-71.873589,43.694786,3,3,3,3,2,3
"167",443,"Bachelors","45 - 64  years","Female","Yes","Yes","2016-03-22T17:03:04.106Z",600,"Conservation Priorities","Google Hybrid, Newfound Lake Watershed, Conservation Lands",12,"POINT",-71.729668,43.67254,3,3,3,3,2,3
"168",446,"Bachelors","25 - 44 years","Male","Yes","No","2016-03-22T17:41:43.068Z",604,"Conservation Priorities","Google Hybrid, Newfound Lake Watershed, Conservation Lands",12,"POINT",-71.794968,43.692453,1,3,3,2,1,1
"169",457,"Bachelors","25 - 44 years","Male","Yes","No","2016-03-24T15:27:10.462Z",620,"Conservation Priorities","Google Hybrid, Newfound Lake Watershed, Conservation Lands",12,"POINT",-71.808186,43.663525,2,2,0,2,0,NA
"170",468,"Masters","45 - 64  years","Male","No","No","2016-03-24T15:25:18.741Z",614,"Conservation Priorities","Google Hybrid, Newfound Lake Watershed, Conservation Lands",12,"POINT",-71.802177,43.657192,3,2,1,3,1,2
"171",468,"Masters","45 - 64  years","Male","No","No","2016-03-24T15:26:03.579Z",617,"Conservation Priorities","Google Hybrid, Newfound Lake Watershed, Conservation Lands",12,"POINT",-71.754112,43.674825,3,2,1,3,1,2
"172",470,"Bachelors","45 - 64  years","Male","No","Yes","2016-03-24T16:18:43.725Z",689,"Conservation Priorities","Google Hybrid, Newfound Lake Watershed, Conservation Lands",12,"POINT",-71.906891,43.709331,2,3,2,3,2,2
"173",480,"PhD or Higher","45 - 64  years","Male","Yes","Yes","2016-03-24T15:37:22.404Z",635,"Conservation Priorities","Google Hybrid, Newfound Lake Watershed, Conservation Lands",14,"POINT",-71.820974,43.698379,NA,3,NA,3,3,3
"174",480,"PhD or Higher","45 - 64  years","Male","Yes","Yes","2016-03-24T15:38:02.396Z",636,"Conservation Priorities","Google Hybrid, Newfound Lake Watershed, Conservation Lands",16,"POINT",-71.807048,43.694524,2,1,NA,3,3,3
"175",485,"Bachelors","45 - 64  years","Male","Yes","No","2016-03-24T15:46:52.771Z",650,"Conservation Priorities","Google Hybrid, Newfound Lake Watershed, Conservation Lands",12,"POINT",-71.857452,43.615448,3,3,3,3,3,3
"176",485,"Bachelors","45 - 64  years","Male","Yes","No","2016-03-24T15:46:36.358Z",649,"Conservation Priorities","Google Hybrid, Newfound Lake Watershed, Conservation Lands",12,"POINT",-71.809731,43.725212,3,3,3,3,3,3
"177",485,"Bachelors","45 - 64  years","Male","Yes","No","2016-03-24T15:47:14.712Z",651,"Conservation Priorities","Google Hybrid, Newfound Lake Watershed, Conservation Lands",12,"POINT",-71.809731,43.605753,3,3,3,3,3,3
"178",485,"Bachelors","45 - 64  years","Male","Yes","No","2016-03-24T15:47:35.271Z",652,"Conservation Priorities","Google Hybrid, Newfound Lake Watershed, Conservation Lands",12,"POINT",-71.800117,43.693197,3,3,3,3,3,3
"179",485,"Bachelors","45 - 64  years","Male","Yes","No","2016-03-24T15:43:41.356Z",643,"Conservation Priorities","Google Hybrid, Newfound Lake Watershed, Conservation Lands",12,"POINT",-71.779175,43.660048,3,3,3,3,3,3
"180",485,"Bachelors","45 - 64  years","Male","Yes","No","2016-03-24T15:47:54.927Z",653,"Conservation Priorities","Google Hybrid, Newfound Lake Watershed, Conservation Lands",12,"POINT",-71.826897,43.702133,3,3,3,3,3,3
"181",485,"Bachelors","45 - 64  years","Male","Yes","No","2016-03-24T15:48:19.005Z",654,"Conservation Priorities","Google Hybrid, Newfound Lake Watershed, Conservation Lands",12,"POINT",-71.902771,43.675073,3,3,3,3,3,3
"182",485,"Bachelors","45 - 64  years","Male","Yes","No","2016-03-24T15:44:39.924Z",644,"Conservation Priorities","Google Hybrid, Newfound Lake Watershed, Conservation Lands",12,"POINT",-71.793594,43.642038,3,3,3,3,3,3
"183",485,"Bachelors","45 - 64  years","Male","Yes","No","2016-03-24T15:46:16.925Z",647,"Conservation Priorities","Google Hybrid, Newfound Lake Watershed, Conservation Lands",12,"POINT",-71.916161,43.735383,3,3,3,3,3,3
"184",485,"Bachelors","45 - 64  years","Male","Yes","No","2016-03-24T15:45:25.972Z",645,"Conservation Priorities","Google Hybrid, Newfound Lake Watershed, Conservation Lands",12,"POINT",-71.826897,43.674452,3,3,3,3,3,3
"185",485,"Bachelors","45 - 64  years","Male","Yes","No","2016-03-24T15:45:50.144Z",646,"Conservation Priorities","Google Hybrid, Newfound Lake Watershed, Conservation Lands",12,"POINT",-71.896248,43.64974,3,3,3,3,3,3
"186",493,"Bachelors","45 - 64  years","Male","No","Yes","2016-03-24T15:57:16.920Z",666,"Conservation Priorities","Google Hybrid, Newfound Lake Watershed, Conservation Lands",12,"POINT",-71.779346,43.660048,2,2,2,2,2,2
"187",494,"Masters","","Female","Yes","Yes","2016-03-24T15:54:51.811Z",662,"Conservation Priorities","Google Hybrid, Newfound Lake Watershed, Conservation Lands",12,"POINT",-71.803207,43.706353,NA,NA,NA,NA,NA,NA
"188",495,NA,NA,NA,NA,NA,"2016-03-24T15:59:16.249Z",672,"Conservation Priorities","Google Hybrid, Newfound Lake Watershed, Conservation Lands",12,"POINT",-71.799431,43.672093,NA,NA,NA,NA,NA,NA
"189",498,NA,NA,NA,NA,NA,"2016-03-24T15:58:11.250Z",668,"Conservation Priorities","Google Hybrid, Newfound Lake Watershed, Conservation Lands",14,"POINT",-71.782265,43.640672,3,NA,NA,NA,NA,NA
"190",498,NA,NA,NA,NA,NA,"2016-03-24T15:58:45.554Z",669,"Conservation Priorities","Google Hybrid, Newfound Lake Watershed, Conservation Lands",12,"POINT",-71.794624,43.691708,3,NA,NA,NA,NA,NA
"191",498,NA,NA,NA,NA,NA,"2016-03-24T15:57:44.954Z",667,"Conservation Priorities","Google Hybrid, Newfound Lake Watershed, Conservation Lands",12,"POINT",-71.783295,43.694687,NA,3,NA,NA,NA,NA
"192",498,NA,NA,NA,NA,NA,"2016-03-24T15:59:06.778Z",671,"Conservation Priorities","Google Hybrid, Newfound Lake Watershed, Conservation Lands",8,"POINT",-72.548218,44.294367,NA,NA,NA,NA,NA,NA
"193",504,"High School","45 - 64  years","Male","No","Yes","2016-03-24T16:07:47.017Z",679,"Conservation Priorities","Google Hybrid, Conservation Lands, Newfound Lake Watershed",16,"POINT",-71.780612,43.571359,1,3,NA,NA,NA,NA
"194",504,"High School","45 - 64  years","Male","No","Yes","2016-03-24T16:06:35.911Z",676,"Conservation Priorities","Google Hybrid, Conservation Lands, Newfound Lake Watershed",16,"POINT",-71.783531,43.572245,1,3,0,0,0,0
"195",507,"Bachelors","65 - 84 years","Female","Yes","Yes","2016-03-24T16:12:29.133Z",683,"Conservation Priorities","Google Hybrid, Newfound Lake Watershed, Conservation Lands",14,"POINT",-71.777287,43.702071,1,2,1,2,2,1
"196",509,"Masters","65 - 84 years","Male","Yes","Yes","2016-03-24T16:24:45.646Z",706,"Conservation Priorities","Google Hybrid, Newfound Lake Watershed, Conservation Lands",14,"POINT",-71.809473,43.701078,2,3,2,2,2,2
"197",509,"Masters","65 - 84 years","Male","Yes","Yes","2016-03-24T16:27:03.976Z",713,"Conservation Priorities","Google Hybrid, Newfound Lake Watershed, Conservation Lands",15,"POINT",-71.801834,43.661818,2,2,1,3,1,1
"198",509,"Masters","65 - 84 years","Male","Yes","Yes","2016-03-24T16:29:09.550Z",716,"Conservation Priorities","Google Hybrid, Newfound Lake Watershed, Conservation Lands",17,"POINT",-71.773349,43.637178,3,3,2,2,2,2
"199",509,"Masters","65 - 84 years","Male","Yes","Yes","2016-03-24T16:30:12.387Z",717,"Conservation Priorities","Google Hybrid, Newfound Lake Watershed, Conservation Lands",17,"POINT",-71.774787,43.631571,3,3,2,2,2,2
"200",509,"Masters","65 - 84 years","Male","Yes","Yes","2016-03-24T16:31:26.504Z",718,"Conservation Priorities","Google Hybrid, Newfound Lake Watershed, Conservation Lands",17,"POINT",-71.803358,43.62956,3,3,2,2,2,2
"201",509,"Masters","65 - 84 years","Male","Yes","Yes","2016-03-24T16:32:03.864Z",719,"Conservation Priorities","Google Hybrid, Newfound Lake Watershed, Conservation Lands",17,"POINT",-71.81649,43.632853,3,3,2,2,2,2
"202",509,"Masters","65 - 84 years","Male","Yes","Yes","2016-03-24T16:33:01.668Z",720,"Conservation Priorities","Google Hybrid, Newfound Lake Watershed, Conservation Lands",17,"POINT",-71.835823,43.644562,3,3,2,2,2,2
"203",510,"Bachelors","65 - 84 years","Male","Yes","Yes","2016-03-24T16:52:39.631Z",727,"Conservation Priorities","Google Hybrid, Newfound Lake Watershed, Conservation Lands",17,"POINT",-71.786517,43.605346,2,3,1,3,1,2
"204",514,"Masters","65 - 84 years","Male","No","Yes","2016-03-24T16:21:35.671Z",696,"Conservation Priorities","Google Hybrid, Newfound Lake Watershed, Conservation Lands",12,"POINT",-71.783096,43.627698,3,3,2,3,2,2
"205",514,"Masters","65 - 84 years","Male","No","Yes","2016-03-24T16:20:41.659Z",693,"Conservation Priorities","Google Hybrid, Newfound Lake Watershed, Conservation Lands",12,"POINT",-71.859612,43.674398,3,3,2,3,1,0
"206",514,"Masters","65 - 84 years","Male","No","Yes","2016-03-24T16:20:12.815Z",692,"Conservation Priorities","Google Hybrid, Newfound Lake Watershed, Conservation Lands",12,"POINT",-71.832929,43.613636,2,3,2,3,1,1
"207",516,"Bachelors","45 - 64  years","Female","No","Yes","2016-03-24T16:22:36.674Z",700,"Conservation Priorities","Google Hybrid, Conservation Lands, Newfound Lake Watershed",12,"POINT",-71.782951,43.688481,3,3,2,3,3,3
"208",516,"Bachelors","45 - 64  years","Female","No","Yes","2016-03-24T16:23:00.624Z",701,"Conservation Priorities","Google Hybrid, Conservation Lands, Newfound Lake Watershed",12,"POINT",-71.751709,43.69568,3,NA,2,3,3,3
"209",516,"Bachelors","45 - 64  years","Female","No","Yes","2016-03-24T16:23:23.030Z",703,"Conservation Priorities","Google Hybrid, Conservation Lands, Newfound Lake Watershed",12,"POINT",-71.72287,43.711564,3,3,2,3,3,3
"210",516,"Bachelors","45 - 64  years","Female","No","Yes","2016-03-24T16:25:36.910Z",709,"Conservation Priorities","Google Hybrid, Conservation Lands, Newfound Lake Watershed",12,"POINT",-71.779175,43.659986,NA,NA,NA,NA,NA,NA
"211",516,"Bachelors","45 - 64  years","Female","No","Yes","2016-03-24T16:24:31.916Z",705,"Conservation Priorities","Google Hybrid, Conservation Lands, Newfound Lake Watershed",12,"POINT",-71.792908,43.652721,3,3,2,3,3,3
"212",516,"Bachelors","45 - 64  years","Female","No","Yes","2016-03-24T16:24:55.614Z",707,"Conservation Priorities","Google Hybrid, Conservation Lands, Newfound Lake Watershed",12,"POINT",-71.802521,43.680536,3,3,2,3,3,3
"213",516,"Bachelors","45 - 64  years","Female","No","Yes","2016-03-24T16:23:56.276Z",704,"Conservation Priorities","Google Hybrid, Conservation Lands, Newfound Lake Watershed",12,"POINT",-71.779175,43.659986,3,3,2,3,3,3
"214",516,"Bachelors","45 - 64  years","Female","No","Yes","2016-03-24T16:25:48.198Z",710,"Conservation Priorities","Google Hybrid, Conservation Lands, Newfound Lake Watershed",12,"POINT",-71.889725,43.645268,3,3,3,3,3,3
"215",516,"Bachelors","45 - 64  years","Female","No","Yes","2016-03-24T16:25:13.886Z",708,"Conservation Priorities","Google Hybrid, Conservation Lands, Newfound Lake Watershed",12,"POINT",-71.797371,43.696176,3,3,2,3,3,3
"216",521,NA,NA,NA,NA,NA,"2016-03-24T16:28:56.451Z",715,"Conservation Priorities","Google Hybrid, Newfound Lake Watershed, Conservation Lands",12,"POINT",-71.750679,43.674825,NA,NA,NA,NA,NA,NA
"217",527,"High School","65 - 84 years","Female","No","Yes","2016-03-24T17:39:44.853Z",756,"Conservation Priorities","Google Hybrid, Newfound Lake Watershed, Conservation Lands",12,"POINT",-71.779175,43.659986,NA,NA,NA,NA,NA,NA
"218",529,"PhD or Higher","65 - 84 years","Male","Yes","No","2016-03-24T16:56:53.917Z",730,"Conservation Priorities","Google Hybrid, Newfound Lake Watershed, Conservation Lands",11,"POINT",-71.7317,43.687736,3,3,0,3,3,2
"219",529,"PhD or Higher","65 - 84 years","Male","Yes","No","2016-03-24T16:45:22.921Z",725,"Conservation Priorities","Google Hybrid, Newfound Lake Watershed, Conservation Lands",12,"POINT",-71.789179,43.710572,3,3,1,3,3,1
"220",533,"Bachelors","45 - 64  years","Female","Yes","No","2016-03-24T17:00:09.613Z",735,"Conservation Priorities","Roads and Terrain, Newfound Lake Watershed, Conservation Lands",12,"POINT",-71.726131,43.676687,1,3,2,3,2,2
"221",533,"Bachelors","45 - 64  years","Female","Yes","No","2016-03-24T17:00:37.064Z",736,"Conservation Priorities","Roads and Terrain, Newfound Lake Watershed, Conservation Lands",12,"POINT",-71.815739,43.669734,2,3,1,3,2,2
"222",533,"Bachelors","45 - 64  years","Female","Yes","No","2016-03-24T17:01:12.368Z",737,"Conservation Priorities","Roads and Terrain, Newfound Lake Watershed, Conservation Lands",13,"POINT",-71.810589,43.659552,2,3,2,3,2,2
"223",533,"Bachelors","45 - 64  years","Female","Yes","No","2016-03-24T17:01:33.508Z",738,"Conservation Priorities","Roads and Terrain, Newfound Lake Watershed, Conservation Lands",13,"POINT",-71.747332,43.69028,1,3,2,3,2,2
"224",533,"Bachelors","45 - 64  years","Female","Yes","No","2016-03-24T17:02:05.741Z",739,"Conservation Priorities","Roads and Terrain, Newfound Lake Watershed, Conservation Lands",13,"POINT",-71.717119,43.64061,1,3,1,3,2,2
"225",533,"Bachelors","45 - 64  years","Female","Yes","No","2016-03-24T17:02:26.588Z",740,"Conservation Priorities","Roads and Terrain, Newfound Lake Watershed, Conservation Lands",13,"POINT",-71.7348,43.609669,1,3,1,3,2,2
"226",535,"Bachelors","45 - 64  years","Female","Yes","No","2016-03-24T16:58:30.435Z",733,"Conservation Priorities","Google Hybrid, Newfound Lake Watershed, Conservation Lands",12,"POINT",-71.779175,43.659986,3,3,NA,3,3,NA
"227",535,"Bachelors","45 - 64  years","Female","Yes","No","2016-03-24T16:59:08.330Z",734,"Conservation Priorities","Google Hybrid, Newfound Lake Watershed, Conservation Lands",12,"POINT",-71.733513,43.613708,3,3,0,3,3,NA
"228",558,"Bachelors","45 - 64  years","Female","Yes","No","2016-03-24T18:14:38.817Z",761,"Conservation Priorities","Google Hybrid, Newfound Lake Watershed, Conservation Lands",10,"POINT",-71.8396,43.656943,3,3,2,3,3,2
"229",560,NA,NA,NA,NA,NA,"2016-03-24T18:15:58.384Z",762,"Conservation Priorities","Google Hybrid, Newfound Lake Watershed, Conservation Lands",12,"POINT",-71.809731,43.667623,NA,NA,NA,NA,NA,NA
"230",585,"Masters","65 - 84 years","Male","Yes","Yes","2016-03-24T20:31:31.466Z",772,"Conservation Priorities","Google Hybrid, Newfound Lake Watershed, Conservation Lands",12,"POINT",-71.795998,43.684757,NA,NA,NA,NA,NA,NA
"231",589,"Associates","45 - 64  years","Female","Yes","Yes","2016-03-24T21:06:04.157Z",777,"Conservation Priorities","Google Hybrid, Newfound Lake Watershed, Conservation Lands",15,"POINT",-71.772909,43.633264,NA,NA,NA,NA,NA,NA
"232",589,"Associates","45 - 64  years","Female","Yes","Yes","2016-03-24T21:05:08.280Z",775,"Conservation Priorities","Google Hybrid, Newfound Lake Watershed, Conservation Lands",15,"POINT",-71.756001,43.636588,NA,NA,NA,NA,NA,NA
"233",589,"Associates","45 - 64  years","Female","Yes","Yes","2016-03-24T21:06:37.833Z",778,"Conservation Priorities","Google Hybrid, Newfound Lake Watershed, Conservation Lands",15,"POINT",-71.773725,43.630717,NA,NA,NA,NA,NA,NA
"234",589,"Associates","45 - 64  years","Female","Yes","Yes","2016-03-24T21:08:17.381Z",779,"Conservation Priorities","Google Hybrid, Newfound Lake Watershed, Conservation Lands",17,"POINT",-71.77792,43.640466,3,3,2,3,2,2
"235",589,"Associates","45 - 64  years","Female","Yes","Yes","2016-03-24T21:05:53.890Z",776,"Conservation Priorities","Google Hybrid, Newfound Lake Watershed, Conservation Lands",15,"POINT",-71.772909,43.633264,NA,NA,NA,NA,NA,NA
"236",590,"PhD or Higher","65 - 84 years","Male","Yes","No","2016-03-24T21:10:12.244Z",781,"Conservation Priorities","Google Hybrid, Newfound Lake Watershed, Conservation Lands",12,"POINT",-71.73317,43.628372,2,3,1,2,1,1
"237",590,"PhD or Higher","65 - 84 years","Male","Yes","No","2016-03-24T21:11:51.177Z",782,"Conservation Priorities","Google Hybrid, Newfound Lake Watershed, Conservation Lands",12,"POINT",-71.730423,43.629366,2,3,1,3,1,1
"238",596,"High School","65 - 84 years","Female","No","Yes","2016-03-24T21:37:49.581Z",785,"Conservation Priorities","Google Hybrid, Newfound Lake Watershed, Conservation Lands",12,"POINT",-71.749306,43.63446,NA,NA,NA,NA,NA,NA
"239",596,"High School","65 - 84 years","Female","No","Yes","2016-03-24T21:36:53.007Z",784,"Conservation Priorities","Google Hybrid, Newfound Lake Watershed, Conservation Lands",12,"POINT",-71.749306,43.63446,3,3,3,3,3,3
"240",603,"Masters","65 - 84 years","Male","Yes","No","2016-03-25T00:10:08.512Z",790,"Conservation Priorities","Google Hybrid, Newfound Lake Watershed, Conservation Lands",12,"POINT",-71.768532,43.648249,3,3,1,3,2,1
"241",607,NA,NA,NA,NA,NA,"2016-03-25T00:38:31.790Z",795,"Conservation Priorities","Google Hybrid, Newfound Lake Watershed, Conservation Lands",12,"POINT",-71.779175,43.659986,NA,NA,NA,NA,NA,NA
"242",607,NA,NA,NA,NA,NA,"2016-03-25T00:37:38.619Z",794,"Conservation Priorities","Google Hybrid, Newfound Lake Watershed, Conservation Lands",12,"POINT",-71.846466,43.690218,NA,NA,NA,2,NA,NA
"243",611,"Bachelors","65 - 84 years","Male","Yes","No","2016-03-25T01:43:30.925Z",800,"Conservation Priorities","Google Hybrid, Newfound Lake Watershed, Conservation Lands",12,"POINT",-71.809731,43.696921,2,2,NA,2,2,NA
"244",618,"Masters","45 - 64  years","Female","Yes","Yes","2016-03-25T09:19:48.104Z",805,"Conservation Priorities","Google Hybrid, Newfound Lake Watershed, Conservation Lands",12,"POINT",-71.793251,43.667623,2,3,1,3,3,3
"245",620,"Bachelors","45 - 64  years","Female","Yes","Yes","2016-03-25T11:51:48.999Z",808,"Conservation Priorities","Google Hybrid, Newfound Lake Watershed, Conservation Lands",12,"POINT",-71.775055,43.706601,NA,NA,NA,NA,NA,NA
"246",626,"Masters","65 - 84 years","Male","Yes","Yes","2016-03-25T13:28:22.496Z",813,"Conservation Priorities","Google Hybrid, Newfound Lake Watershed, Conservation Lands",12,"POINT",-71.779175,43.659924,NA,NA,NA,NA,NA,NA
"247",626,"Masters","65 - 84 years","Male","Yes","Yes","2016-03-25T13:27:40.821Z",812,"Conservation Priorities","Google Hybrid, Newfound Lake Watershed, Conservation Lands",12,"POINT",-71.772652,43.647504,3,3,2,3,3,3
"248",630,"Masters","65 - 84 years","Female","Yes","No","2016-03-25T14:23:28.070Z",818,"Conservation Priorities","Google Hybrid, Newfound Lake Watershed, Conservation Lands",12,"POINT",-71.903801,43.645516,3,3,1,3,3,1
"249",630,"Masters","65 - 84 years","Female","Yes","No","2016-03-25T14:24:06.737Z",819,"Conservation Priorities","Google Hybrid, Newfound Lake Watershed, Conservation Lands",12,"POINT",-71.790161,43.638436,3,3,2,3,3,0
"250",630,"Masters","65 - 84 years","Female","Yes","No","2016-03-25T14:24:50.771Z",820,"Conservation Priorities","Google Hybrid, Newfound Lake Watershed, Conservation Lands",12,"POINT",-71.782265,43.691211,3,3,1,3,2,0
"251",630,"Masters","65 - 84 years","Female","Yes","No","2016-03-25T14:33:53.253Z",830,"Conservation Priorities","Google Hybrid, Newfound Lake Watershed, Conservation Lands",12,"POINT",-71.718407,43.576411,3,3,1,3,2,0
"252",630,"Masters","65 - 84 years","Female","Yes","No","2016-03-25T14:35:21.815Z",831,"Conservation Priorities","Google Hybrid, Newfound Lake Watershed, Conservation Lands",12,"POINT",-71.801147,43.726204,3,3,1,3,1,0
"253",630,"Masters","65 - 84 years","Female","Yes","No","2016-03-25T14:35:58.593Z",832,"Conservation Priorities","Google Hybrid, Newfound Lake Watershed, Conservation Lands",12,"POINT",-71.693344,43.765144,3,3,1,3,2,0
"254",630,"Masters","65 - 84 years","Female","Yes","No","2016-03-25T14:36:47.329Z",833,"Conservation Priorities","Google Hybrid, Newfound Lake Watershed, Conservation Lands",12,"POINT",-71.820717,43.70263,3,3,1,3,2,0
"255",630,"Masters","65 - 84 years","Female","Yes","No","2016-03-25T14:25:24.421Z",821,"Conservation Priorities","Google Hybrid, Newfound Lake Watershed, Conservation Lands",12,"POINT",-71.795311,43.701389,2,3,1,3,1,0
"256",630,"Masters","65 - 84 years","Female","Yes","No","2016-03-25T14:27:51.365Z",822,"Conservation Priorities","Google Hybrid, Newfound Lake Watershed, Conservation Lands",12,"POINT",-71.92646,43.743817,3,3,1,3,1,0
"257",630,"Masters","65 - 84 years","Female","Yes","No","2016-03-25T14:28:22.559Z",823,"Conservation Priorities","Google Hybrid, Newfound Lake Watershed, Conservation Lands",12,"POINT",-71.7239,43.715783,3,3,1,3,1,NA
"258",630,"Masters","65 - 84 years","Female","Yes","No","2016-03-25T14:29:56.747Z",824,"Conservation Priorities","Google Hybrid, Newfound Lake Watershed, Conservation Lands",12,"POINT",-71.742783,43.563725,3,3,1,3,2,0
"259",630,"Masters","65 - 84 years","Female","Yes","No","2016-03-25T14:30:36.585Z",825,"Conservation Priorities","Google Hybrid, Newfound Lake Watershed, Conservation Lands",12,"POINT",-71.669998,43.499507,3,3,1,3,3,0
"260",630,"Masters","65 - 84 years","Female","Yes","No","2016-03-25T14:31:20.765Z",826,"Conservation Priorities","Google Hybrid, Newfound Lake Watershed, Conservation Lands",12,"POINT",-71.73111,43.59183,3,2,1,3,2,0
"261",630,"Masters","65 - 84 years","Female","Yes","No","2016-03-25T14:31:53.897Z",827,"Conservation Priorities","Google Hybrid, Newfound Lake Watershed, Conservation Lands",12,"POINT",-71.660042,43.468868,3,3,1,3,2,0
"262",630,"Masters","65 - 84 years","Female","Yes","No","2016-03-25T14:32:36.199Z",828,"Conservation Priorities","Google Hybrid, Newfound Lake Watershed, Conservation Lands",12,"POINT",-71.644592,43.604013,3,3,1,3,1,0
"263",630,"Masters","65 - 84 years","Female","Yes","No","2016-03-25T14:33:22.190Z",829,"Conservation Priorities","Google Hybrid, Newfound Lake Watershed, Conservation Lands",12,"POINT",-71.684761,43.593322,3,3,1,3,2,0
"264",638,NA,NA,NA,NA,NA,"2016-03-25T15:57:48.737Z",839,"Conservation Priorities","Google Hybrid, Newfound Lake Watershed, Conservation Lands",12,"POINT",-71.863289,43.693446,NA,NA,NA,NA,NA,NA
"265",650,NA,NA,NA,NA,NA,"2016-03-25T21:33:46.773Z",850,"Conservation Priorities","Google Hybrid, Newfound Lake Watershed, Conservation Lands",12,"POINT",-71.782608,43.688977,NA,3,NA,3,1,NA
"266",650,NA,NA,NA,NA,NA,"2016-03-25T21:34:37.877Z",851,"Conservation Priorities","Google Hybrid, Newfound Lake Watershed, Conservation Lands",12,"POINT",-71.800117,43.688977,NA,NA,NA,2,3,3
"267",652,NA,NA,NA,NA,NA,"2016-03-25T23:19:45.659Z",852,"Conservation Priorities","Google Hybrid, Newfound Lake Watershed, Conservation Lands",12,"POINT",-71.74842,43.678234,NA,NA,NA,NA,NA,NA
"268",657,NA,NA,NA,NA,NA,"2016-03-25T23:57:42.955Z",857,"Conservation Priorities","Google Hybrid, Newfound Lake Watershed, Conservation Lands",12,"POINT",-71.779175,43.659986,NA,NA,NA,NA,NA,NA
"269",658,NA,NA,NA,NA,NA,"2016-03-26T00:11:56.418Z",863,"Conservation Priorities","Google Hybrid, Newfound Lake Watershed, Conservation Lands",12,"POINT",-71.762695,43.62365,NA,NA,NA,NA,NA,NA
"270",658,NA,NA,NA,NA,NA,"2016-03-26T00:12:39.885Z",864,"Conservation Priorities","Google Hybrid, Newfound Lake Watershed, Conservation Lands",12,"POINT",-71.765785,43.616815,NA,NA,NA,NA,NA,NA
"271",658,NA,NA,NA,NA,NA,"2016-03-26T00:11:34.095Z",862,"Conservation Priorities","Google Hybrid, Newfound Lake Watershed, Conservation Lands",12,"POINT",-71.779175,43.659955,NA,NA,NA,NA,NA,NA
"272",666,NA,NA,NA,NA,NA,"2016-03-26T21:14:17.055Z",866,"Conservation Priorities","Google Hybrid, Newfound Lake Watershed, Conservation Lands",12,"POINT",-71.760635,43.681529,NA,NA,NA,NA,NA,NA
"273",670,"Masters","65 - 84 years","Male","Yes","No","2016-03-27T15:07:53.052Z",875,"Conservation Priorities","Google Hybrid, Newfound Lake Watershed, Conservation Lands",12,"POINT",-71.71978,43.642535,0,3,0,3,3,3
"274",670,"Masters","65 - 84 years","Male","Yes","No","2016-03-27T15:08:33.221Z",876,"Conservation Priorities","Google Hybrid, Newfound Lake Watershed, Conservation Lands",12,"POINT",-71.754456,43.650485,0,3,0,3,3,3
"275",670,"Masters","65 - 84 years","Male","Yes","No","2016-03-27T15:09:00.870Z",877,"Conservation Priorities","Google Hybrid, Newfound Lake Watershed, Conservation Lands",12,"POINT",-71.793938,43.667127,0,3,0,3,3,3
"276",678,"Associates","45 - 64  years","Male","Yes","No","2016-03-28T07:04:15.250Z",914,"Conservation Priorities","Google Hybrid, Newfound Lake Watershed, Conservation Lands",14,"POINT",-71.79677,43.683267,3,3,2,3,2,3
"277",678,"Associates","45 - 64  years","Male","Yes","No","2016-03-28T07:05:31.444Z",915,"Conservation Priorities","Google Hybrid, Newfound Lake Watershed, Conservation Lands",14,"POINT",-71.78587,43.692329,3,3,0,3,0,3
"278",678,"Associates","45 - 64  years","Male","Yes","No","2016-03-28T07:07:21.092Z",916,"Conservation Priorities","Google Hybrid, Newfound Lake Watershed, Conservation Lands",14,"POINT",-71.80604,43.686308,3,3,2,3,1,3
"279",678,"Associates","45 - 64  years","Male","Yes","No","2016-03-28T07:08:07.422Z",917,"Conservation Priorities","Google Hybrid, Newfound Lake Watershed, Conservation Lands",14,"POINT",-71.784754,43.70052,3,3,2,3,1,3
"280",678,"Associates","45 - 64  years","Male","Yes","No","2016-03-28T07:08:42.783Z",918,"Conservation Priorities","Google Hybrid, Newfound Lake Watershed, Conservation Lands",14,"POINT",-71.791449,43.677494,3,3,2,NA,1,3
"281",678,"Associates","45 - 64  years","Male","Yes","No","2016-03-28T07:09:27.108Z",919,"Conservation Priorities","Google Hybrid, Newfound Lake Watershed, Conservation Lands",14,"POINT",-71.76527,43.692577,3,3,2,3,1,3
"282",678,"Associates","45 - 64  years","Male","Yes","No","2016-03-28T07:10:08.716Z",920,"Conservation Priorities","Google Hybrid, Newfound Lake Watershed, Conservation Lands",14,"POINT",-71.764841,43.685874,3,3,2,3,1,3
"283",678,"Associates","45 - 64  years","Male","Yes","No","2016-03-28T07:10:38.267Z",921,"Conservation Priorities","Google Hybrid, Newfound Lake Watershed, Conservation Lands",14,"POINT",-71.75025,43.67408,3,3,0,3,0,3
"284",678,"Associates","45 - 64  years","Male","Yes","No","2016-03-28T07:12:13.650Z",922,"Conservation Priorities","Google Hybrid, Newfound Lake Watershed, Conservation Lands",14,"POINT",-71.788015,43.64502,3,3,0,3,0,3
"285",693,"Bachelors","65 - 84 years","Female","Yes","Yes","2016-03-29T01:22:39.933Z",930,"Conservation Priorities","Google Hybrid, Newfound Lake Watershed, Conservation Lands",13,"POINT",-71.788273,43.597425,1,3,3,3,3,1
"286",695,"Masters","45 - 64  years","Female","Yes","No","2016-03-29T13:56:29.712Z",936,"Conservation Priorities","Google Hybrid, Conservation Lands, Newfound Lake Watershed",12,"POINT",-71.864662,43.679294,3,3,0,3,3,3
"287",695,"Masters","45 - 64  years","Female","Yes","No","2016-03-29T13:56:55.338Z",937,"Conservation Priorities","Google Hybrid, Conservation Lands, Newfound Lake Watershed",12,"POINT",-71.781578,43.711068,3,3,0,3,3,3
"288",695,"Masters","45 - 64  years","Female","Yes","No","2016-03-29T13:57:21.116Z",938,"Conservation Priorities","Google Hybrid, Conservation Lands, Newfound Lake Watershed",12,"POINT",-71.779175,43.659986,NA,NA,NA,NA,NA,NA
"289",695,"Masters","45 - 64  years","Female","Yes","No","2016-03-29T13:57:37.292Z",939,"Conservation Priorities","Google Hybrid, Conservation Lands, Newfound Lake Watershed",12,"POINT",-71.833763,43.601776,3,3,0,3,3,3
"290",695,"Masters","45 - 64  years","Female","Yes","No","2016-03-29T13:58:02.995Z",940,"Conservation Priorities","Google Hybrid, Conservation Lands, Newfound Lake Watershed",12,"POINT",-71.739349,43.684508,3,3,0,3,3,3
"291",695,"Masters","45 - 64  years","Female","Yes","No","2016-03-29T13:58:31.519Z",941,"Conservation Priorities","Google Hybrid, Conservation Lands, Newfound Lake Watershed",12,"POINT",-71.798058,43.668617,3,3,0,3,3,3
"292",695,"Masters","45 - 64  years","Female","Yes","No","2016-03-29T13:59:02.045Z",942,"Conservation Priorities","Google Hybrid, Conservation Lands, Newfound Lake Watershed",12,"POINT",-71.721497,43.653963,3,3,0,3,3,3
"293",695,"Masters","45 - 64  years","Female","Yes","No","2016-03-29T13:59:42.136Z",943,"Conservation Priorities","Google Hybrid, Conservation Lands, Newfound Lake Watershed",12,"POINT",-71.852989,43.652224,3,3,0,3,3,3
"294",695,"Masters","45 - 64  years","Female","Yes","No","2016-03-29T14:00:05.213Z",944,"Conservation Priorities","Google Hybrid, Conservation Lands, Newfound Lake Watershed",12,"POINT",-71.82518,43.636572,3,3,0,3,3,3
"295",699,"Bachelors","45 - 64  years","Female","No","Yes","2016-03-30T01:21:34.077Z",949,"Conservation Priorities","Google Hybrid, Newfound Lake Watershed, Conservation Lands",12,"POINT",-71.779175,43.659986,3,3,3,3,3,3
"296",699,"Bachelors","45 - 64  years","Female","No","Yes","2016-03-30T01:28:31.742Z",950,"Conservation Priorities","Google Hybrid, Newfound Lake Watershed, Conservation Lands",12,"POINT",-71.877022,43.685501,3,NA,NA,NA,NA,NA
"297",699,"Bachelors","45 - 64  years","Female","No","Yes","2016-03-30T01:29:25.094Z",951,"Conservation Priorities","Google Hybrid, Newfound Lake Watershed, Conservation Lands",12,"POINT",-71.779175,43.659986,3,3,NA,3,3,3
